Label,ID,TRACK_ID,QUALITY,POSITION_X,POSITION_Y,POSITION_Z,POSITION_T,FRAME,RADIUS,VISIBILITY,MANUAL_COLOR,MEAN_INTENSITY,MEDIAN_INTENSITY,MIN_INTENSITY,MAX_INTENSITY,TOTAL_INTENSITY,STANDARD_DEVIATION,ESTIMATED_DIAMETER,CONTRAST,SNR
ID110,110,0,3.270,375.665,356.744,0,0,0,11,1,-10921639,26.019,0,0,149,10746,40.699,39.399,0.439,0.390
ID114,114,0,5.356,387.514,359.958,0,1,1,11,1,-10921639,42.138,21,0,149,17403,50.396,13.654,0.592,0.622
ID120,120,0,15.103,376.472,365.493,0,2,2,11,1,-10921639,74.697,65,0,149,30850,59.251,13.634,0.658,1.001
ID117,117,0,19.231,383.548,366.825,0,3,3,11,1,-10921639,98.169,130,0,149,40544,57.321,18.380,0.736,1.453
